,year,date,title,author,bibcode,pub
0,2021,2021-11-01 00:00:00+00:00,The intermediate polar cataclysmic variable GK Persei 120 years after the nova explosion: a first dynamical mass study,"Alvarez-Hernandez, A",2021MNRAS.507.5805A,Monthly Notices of the Royal Astronomical Society
1,2021,2021-11-01 00:00:00+00:00,TOI-1259Ab - a gas giant planet with 2.7 per cent deep transits and a bound white dwarf companion,"Martin, D",2021MNRAS.507.4132M,Monthly Notices of the Royal Astronomical Society
2,2021,2021-10-01 00:00:00+00:00,Binary central stars of planetary nebulae identified with Kepler/K2,"Jacoby, G",2021MNRAS.506.5223J,Monthly Notices of the Royal Astronomical Society
3,2021,2021-10-01 00:00:00+00:00,TOI-532b: The Habitable-zone Planet Finder confirms a Large Super Neptune in the Neptune Desert orbiting a metal-rich M-dwarf host,"Kanodia, S",2021AJ....162..135K,The Astronomical Journal
4,2021,2021-10-01 00:00:00+00:00,"TIC~257060897b: an inflated, low-density, hot-Jupiter transiting a rapidly evolving subgiant star","Montalto, M",2021arXiv211000489M,arXiv e-prints
5,2021,2021-10-01 00:00:00+00:00,"Discovery, TESS Characterization, and Modeling of Pulsations in the Extremely Low Mass White Dwarf GD 278","Lopez, I",2021arXiv211002230L,arXiv e-prints
6,2021,2021-10-01 00:00:00+00:00,Masses and compositions of three small planets orbiting the nearby M dwarf L231-32 (TOI-270) and the M dwarf radius valley,"Van Eylen, V",2021MNRAS.507.2154V,Monthly Notices of the Royal Astronomical Society
7,2021,2021-10-01 00:00:00+00:00,Giant white-light flares on fully convective stars occur at high latitudes,"Ilin, E",2021MNRAS.507.1723I,Monthly Notices of the Royal Astronomical Society
8,2021,2021-10-01 00:00:00+00:00,Mysterious Dust-emitting Object Orbiting TIC 400799224,"Powell, B",2021arXiv211001019P,arXiv e-prints
9,2021,2021-10-01 00:00:00+00:00,Escape from the Bermuda cluster: orphanization by multiple stellar ejections,"Maiz Apellaniz, J",2021arXiv211001484M,arXiv e-prints
10,2021,2021-10-01 00:00:00+00:00,HD 183579b: a warm sub-Neptune transiting a solar twin detected by TESS,"Gan, T",2021MNRAS.507.2220G,Monthly Notices of the Royal Astronomical Society
11,2021,2021-10-01 00:00:00+00:00,"Asteroseismology of overmassive, undermassive, and potential past members of the open cluster NGC 6791","Brogaard, K",2021MNRAS.507..496B,Monthly Notices of the Royal Astronomical Society
12,2021,2021-09-01 00:00:00+00:00,A Uniform Search for Nearby Planetary Companions to Hot Jupiters in TESS Data Reveals Hot Jupiters are Still Lonely,"Hord, B",2021arXiv210908790H,arXiv e-prints
13,2021,2021-09-01 00:00:00+00:00,Flares Big and Small: a K2 and TESS View of ASAS-SN Superflares,"Zeldes, J",2021arXiv210904501Z,arXiv e-prints
14,2021,2021-09-01 00:00:00+00:00,Eclipsing Binaries Found by the EREBOS Project: Gaia DR2 6097540197980557440-a Deeply Eclipsing sdB+dM System,"Corcoran, K",2021ApJ...918...28C,The Astrophysical Journal
15,2021,2021-09-01 00:00:00+00:00,Characterizing the morphology of the debris disk around the low-mass star GSC 07396-00759,"Adam, C",2021A&A...653A..88A,Astronomy and Astrophysics
16,2021,2021-09-01 00:00:00+00:00,Seeking Echoes of Circumstellar Disks in Kepler Light Curves,"Bromley, B",2021AJ....162...98B,The Astronomical Journal
17,2021,2021-09-01 00:00:00+00:00,Long-period Jovian Tilts the Orbits of Two sub-Neptunes Relative to Stellar Spin Axis in Kepler-129,"Zhang, J",2021AJ....162...89Z,The Astronomical Journal
18,2021,2021-09-01 00:00:00+00:00,Ground-based Transmission Spectroscopy with VLT FORS2: Evidence for Faculae and Clouds in the Optical Spectrum of the Warm Saturn WASP-110b,"Nikolov, N",2021AJ....162...88N,The Astronomical Journal
19,2021,2021-09-01 00:00:00+00:00,"Stellar Spins in the Pleiades, Praesepe and M35 Open Clusters","Healy, B",2021arXiv210908692H,arXiv e-prints
20,2021,2021-09-01 00:00:00+00:00,"Flares, Rotation, and Planets of the AU Mic System from TESS Observations","Gilbert, E",2021arXiv210903924G,arXiv e-prints
21,2021,2021-09-01 00:00:00+00:00,"Efficient and precise transit light curves for rapidly-rotating, oblate stars","Dholakia, S",2021arXiv210903250D,arXiv e-prints
22,2021,2021-09-01 00:00:00+00:00,Linearized Field Deblending: Point-spread Function Photometry for Impatient Astronomers,"Hedges, C",2021AJ....162..107H,The Astronomical Journal
23,2021,2021-09-01 00:00:00+00:00,Background Short-period Eclipsing Binaries in the Original Kepler Field,"Bienias, J",2021ApJS..256...11B,The Astrophysical Journal Supplement Series
24,2021,2021-09-01 00:00:00+00:00,Rescuing Unrecognized Exoplanet Candidates in Kepler Data,"Bryson, S",2021arXiv210905398B,arXiv e-prints
25,2021,2021-09-01 00:00:00+00:00,TOI-674b: An oasis in the desert of exo-Neptunes transiting a nearby M dwarf,"Murgas, F",2021A&A...653A..60M,Astronomy and Astrophysics
26,2021,2021-09-01 00:00:00+00:00,A large sub-Neptune transiting the thick-disk M4 V TOI-2406,"Wells, R",2021A&A...653A..97W,Astronomy and Astrophysics
27,2021,2021-09-01 00:00:00+00:00,TOI-1296b and TOI-1298b observed with TESS and SOPHIE: two hot Saturn-mass exoplanets with different densities around metal-rich stars,"Moutou, C",2021A&A...653A.147M,Astronomy and Astrophysics
28,2021,2021-09-01 00:00:00+00:00,Searching for Small Circumbinary Planets. I. The STANLEY Automated Algorithm and No New Planets in Existing Systems,"Martin, D",2021AJ....162...84M,The Astronomical Journal
29,2021,2021-09-01 00:00:00+00:00,Critical Analysis of TESS Transit Photometric Data: Improved Physical Properties for Five Exoplanets,"Saha, S",2021arXiv210911366S,arXiv e-prints
30,2021,2021-09-01 00:00:00+00:00,The winking eye of a hefty star. WR 21a revealed as a very massive eclipsing binary by TESS,"Barba, R",2021arXiv210906311B,arXiv e-prints
31,2021,2021-09-01 00:00:00+00:00,New eclipsing binaries with mercury-manganese stars,"Kochukhov, O",2021MNRAS.506L..40K,Monthly Notices of the Royal Astronomical Society
32,2021,2021-09-01 00:00:00+00:00,"VarStar Detect, a Python library dedicated to the semi-automatic detection of stellar variability","Perez Gonzalez, J",2021arXiv210906347P,arXiv e-prints
33,2021,2021-09-01 00:00:00+00:00,PENELLOPE II. CVSO 104: a pre-main sequence close binary with an optical companion in Ori OB1,"Frasca, A",2021arXiv210906305F,arXiv e-prints
34,2021,2021-09-01 00:00:00+00:00,Directly Determined Properties of HD 97658 from Interferometric Observations,"Ellis, T",2021AJ....162..118E,The Astronomical Journal
35,2021,2021-09-01 00:00:00+00:00,"First results on RR Lyrae stars with the TESS space telescope: untangling the connections between mode content, colors and distances","Molnar, L",2021arXiv210907329M,arXiv e-prints
36,2021,2021-09-01 00:00:00+00:00,The peculiar chemical pattern of the WASP-160 binary system: signatures of planetary formation and evolution?,"Jofre, E",2021arXiv210904590J,arXiv e-prints
37,2021,2021-08-01 00:00:00+00:00,A 99-minute Double-lined White Dwarf Binary from SDSS-V,"Chandra, V",2021arXiv210811968C,arXiv e-prints
38,2021,2021-08-01 00:00:00+00:00,Identify Light Curve Signals with Deep Learning Based Object Detection Algorithm. I. Transit Detection,"Cui, K",2021arXiv210800670C,arXiv e-prints
39,2021,2021-08-01 00:00:00+00:00,TOI-1518b: A Misaligned Ultra-hot Jupiter with Iron in its Atmosphere,"Cabot, S",2021arXiv210811403C,arXiv e-prints
40,2021,2021-08-01 00:00:00+00:00,A pair of warm giant planets near the 2:1 mean motion resonance around the K-dwarf star TOI-2202,"Trifonov, T",2021arXiv210805323T,arXiv e-prints
41,2021,2021-08-01 00:00:00+00:00,TESS Data for Asteroseismology: Light Curve Systematics Correction,"Lund, M",2021arXiv210811780L,arXiv e-prints
42,2021,2021-08-01 00:00:00+00:00,Hot planets around cool stars - two short-period mini-Neptunes transiting the late K-dwarf TOI-1260,"Georgieva, I",2021MNRAS.505.4684G,Monthly Notices of the Royal Astronomical Society
43,2021,2021-08-01 00:00:00+00:00,A Search for Planetary Metastable Helium Absorption in the V1298 Tau System,"Vissapragada, S",2021arXiv210805358V,arXiv e-prints
44,2021,2021-08-01 00:00:00+00:00,A 20-Second Cadence View of Solar-Type Stars and Their Planets with TESS: Asteroseismology of Solar Analogs and a Re-characterization of pi Men c,"Huber, D",2021arXiv210809109H,arXiv e-prints
45,2021,2021-08-01 00:00:00+00:00,TESS observations of flares and quasi-periodic pulsations from low mass stars and potential impact on exoplanets,"Ramsay, G",2021arXiv210810670R,arXiv e-prints
46,2021,2021-08-01 00:00:00+00:00,$\textit{TESS}$ Giants Transiting Giants I: A Non-inflated Hot Jupiter Orbiting a Massive Subgiant,"Saunders, N",2021arXiv210802294S,arXiv e-prints
47,2021,2021-08-01 00:00:00+00:00,Ultra-short-period Planets in K2. III. Neighbors are Common with 13 New Multiplanet Systems and 10 Newly Validated Planets in Campaigns 0-8 and 10,"Adams, E",2021PSJ.....2..152A,The Planetary Science Journal
48,2021,2021-08-01 00:00:00+00:00,A search for transits among the {\delta} Scuti variables in Kepler,"Hey, D",2021arXiv210803785H,arXiv e-prints
49,2021,2021-08-01 00:00:00+00:00,"TOI-2076 and TOI-1807: Two Young, Comoving Planetary Systems within 50 pc Identified by TESS that are Ideal Candidates for Further Follow Up","Hedges, C",2021AJ....162...54H,The Astronomical Journal
50,2021,2021-08-01 00:00:00+00:00,"The transmission spectrum of WASP-17 b from the optical to the near-infrared wavelengths: combining STIS, WFC3 and IRAC datasets","Saba, A",2021arXiv210813721S,arXiv e-prints
51,2021,2021-08-01 00:00:00+00:00,First investigation of eclipsing binary KIC 9026766: analysis of light curve and periodic changes,"Soomandar, S",2021arXiv210809629S,arXiv e-prints
52,2021,2021-08-01 00:00:00+00:00,Simultaneous Multiwavelength Flare Observations of EV Lacertae,"Paudel, R",2021arXiv210804753P,arXiv e-prints
53,2021,2021-08-01 00:00:00+00:00,Closed-form ab initio solutions of geometric albedos and reflected light phase curves of exoplanets,"Heng, K",2021NatAs.tmp..156H,Nature Astronomy
54,2021,2021-08-01 00:00:00+00:00,Finding flares in Kepler and TESS data with recurrent deep neural networks,"Vida, K",2021A&A...652A.107V,Astronomy and Astrophysics
55,2021,2021-08-01 00:00:00+00:00,The Changing Lightcurve of the Double-mode RR Lyrae Variable Star V338 Boo,"Carrell, K",2021ApJ...916L..12C,The Astrophysical Journal
56,2021,2021-08-01 00:00:00+00:00,EPIC 228782059: Asteroseismology of what could be the coolest pulsating helium-atmosphere white dwarf (DBV) known?,"Duan, R",2021arXiv210813988D,arXiv e-prints
57,2021,2021-08-01 00:00:00+00:00,Hunt for extremely eccentric eclipsing binaries,"Zasche, P",2021A&A...652A..81Z,Astronomy and Astrophysics
58,2021,2021-08-01 00:00:00+00:00,Optimization Applied to Selected Exoplanets,"Ng, S",2021arXiv210810804N,arXiv e-prints
59,2021,2021-08-01 00:00:00+00:00,The Second Discovery from the COCONUTS Program: A Cold Wide-orbit Exoplanet around a Young Field M Dwarf at 10.9 pc,"Zhang, Z",2021ApJ...916L..11Z,The Astrophysical Journal
60,2021,2021-08-01 00:00:00+00:00,"Quasi-periodic Oscillations in the TESS Light Curve of TX Col, a Diskless Intermediate Polar on the Precipice of Forming an Accretion Disk","Littlefield, C",2021AJ....162...49L,The Astronomical Journal
61,2021,2021-08-01 00:00:00+00:00,"TIC 454140642: A Compact, Coplanar, Quadruple-lined Quadruple Star System Consisting of Two Eclipsing Binaries","Kostov, V",2021ApJ...917...93K,The Astrophysical Journal
62,2021,2021-08-01 00:00:00+00:00,Age-dating Red Giant Stars Associated with Galactic Disk and Halo Substructures,"Grunblatt, S",2021ApJ...916...88G,The Astrophysical Journal
63,2021,2021-07-01 00:00:00+00:00,Asteroseismic analysis of variable hot subdwarf stars observed with TESS. I. The mean g-mode period spacings in hot subdwarf B stars,"Uzundag, M",2021A&A...651A.121U,Astronomy and Astrophysics
64,2021,2021-07-01 00:00:00+00:00,TESS Data for Asteroseismology (T'DA) Stellar Variability Classification Pipeline: Set-Up and Application to the Kepler Q9 Data,"Audenaert, J",2021arXiv210706301A,arXiv e-prints
65,2021,2021-07-01 00:00:00+00:00,Evidence for Centrifugal Breakout around the Young M Dwarf TIC 234284556,"Palumbo, E",2021arXiv210705649P,arXiv e-prints
66,2021,2021-07-01 00:00:00+00:00,Warm Jupiters in TESS Full-frame Images: A Catalog and Observed Eccentricity Distribution for Year 1,"Dong, J",2021ApJS..255....6D,The Astrophysical Journal Supplement Series
67,2021,2021-07-01 00:00:00+00:00,HAT-P-58b-HAT-P-64b: Seven Planets Transiting Bright Stars,"Bakos, G",2021AJ....162....7B,The Astronomical Journal
68,2021,2021-07-01 00:00:00+00:00,Characterization of 92 southern TESS candidate planet hosts and a new photometric [Fe/H] relation for cool dwarfs,"Rains, A",2021MNRAS.504.5788R,Monthly Notices of the Royal Astronomical Society
69,2021,2021-07-01 00:00:00+00:00,Wolf 503 b: Characterization of a Sub-Neptune Orbiting a Metal-Poor K Dwarf,"Polanski, A",2021arXiv210708092P,arXiv e-prints
70,2021,2021-07-01 00:00:00+00:00,TESSreduce: transient focused TESS data reduction,"Ridden-Harper, R",2021tsc2.confE.188R,Posters from the TESS Science Conference II (TSC2)
71,2021,2021-07-01 00:00:00+00:00,Relations between the asteroseismic indices and stellar parameters of δ Scuti stars for two years of TESS mission,"Hasanzadeh, A",2021MNRAS.505.1476H,Monthly Notices of the Royal Astronomical Society
72,2021,2021-07-01 00:00:00+00:00,Pulsational instability of pre-main sequence models from accreting protostars. I. Constraining the input physics for accretion with spectroscopic parameters and stellar pulsations,"Steindl, T",2021arXiv210707568S,arXiv e-prints
73,2021,2021-07-01 00:00:00+00:00,pySYD: Automated Measurements of Global Asteroseismic Parameters,"Chontos, A",2021tsc2.confE.189C,Posters from the TESS Science Conference II (TSC2)
74,2021,2021-07-01 00:00:00+00:00,A CHEOPS white dwarf transit search,"Morris, B",2021A&A...651L..12M,Astronomy and Astrophysics
75,2021,2021-07-01 00:00:00+00:00,TESS asteroseismology of the Kepler red giants,"Stello, D",2021arXiv210705831S,arXiv e-prints
76,2021,2021-07-01 00:00:00+00:00,The Rise and Fall of the Eclipsing Binary HS Hydrae,"Davenport, J",2021arXiv210710954D,arXiv e-prints
77,2021,2021-07-01 00:00:00+00:00,Asteroseismology of iota Draconis and Discovery of an Additional Long-Period Companion,"Hill, M",2021arXiv210713583H,arXiv e-prints
78,2021,2021-07-01 00:00:00+00:00,Background Short Period Kepler Eclipsing Binaries,"Bienias, J",2021arXiv210704488B,arXiv e-prints
79,2021,2021-07-01 00:00:00+00:00,EDEN: Flare Activity of the Nearby Exoplanet-hosting M Dwarf Wolf 359 Based on K2 and EDEN Light Curves,"Lin, C",2021AJ....162...11L,The Astronomical Journal
80,2021,2021-07-01 00:00:00+00:00,TESS Full Frame Image Search for White Dwarf Exoplanets,"Aloisi, R",2021tsc2.confE.119A,Posters from the TESS Science Conference II (TSC2)
81,2021,2021-07-01 00:00:00+00:00,Characterizing Variability in Bright Metallic-Line A (Am) Stars Using Data from the NASA TESS Spacecraft,"Guzik, J",2021arXiv210709479G,arXiv e-prints
82,2021,2021-07-01 00:00:00+00:00,Rotational Velocities of Am and Non-chemical-peculiar Stars Based on Kepler and LAMOST DR5,"Qin, L",2021AJ....162...32Q,The Astronomical Journal
83,2021,2021-07-01 00:00:00+00:00,Pulsating hydrogen-deficient white dwarfs and pre-white dwarfs observed with TESS - Discovery of two new GW Vir stars: TIC333432673 and TIC095332541,"Uzundag, M",2021tsc2.confE..46U,Posters from the TESS Science Conference II (TSC2)
84,2021,2021-07-01 00:00:00+00:00,The Timeseries Integrated Knowledge Engine (TIKE): cloud-based user interface for analysis of TESS mission data,"Snyder, G",2021tsc2.confE..83S,Posters from the TESS Science Conference II (TSC2)
85,2021,2021-07-01 00:00:00+00:00,Orbital and sub-orbital period determination of the candidate high-mass X-ray binary HD 3191,"Marti, J",2021A&A...651A...1M,Astronomy and Astrophysics
86,2021,2021-07-01 00:00:00+00:00,BO Ari Light Curve Analysis using Ground-Based and TESS Data,"Poro, A",2021NewA...8601571P,New Astronomy
87,2021,2021-07-01 00:00:00+00:00,Recovery of TESS Stellar Rotation Periods with Deep Learning,"Claytor, Z",2021tsc2.confE.120C,Posters from the TESS Science Conference II (TSC2)
88,2021,2021-07-01 00:00:00+00:00,Identification of 3 cataclysmic variables detected by the ART-XC and eROSITA telescopes aboard SRG during the all-sky X-ray survey,"Zaznobin, I",2021arXiv210705611Z,arXiv e-prints
89,2021,2021-06-01 00:00:00+00:00,TACOS: TESS AM~CVn Outbursts Survey,"Pichardo Marcano, M",2021arXiv210615104P,arXiv e-prints
90,2021,2021-06-01 00:00:00+00:00,"Identification of SRGt 062340.2-265715 as a bright, strongly variable, novalike cataclysmic variable","Schwope, A",2021arXiv210614538S,arXiv e-prints
91,2021,2021-06-01 00:00:00+00:00,An ultra-short-period transiting super-Earth orbiting the M3 dwarf TOI-1685,"Bluhm, P",2021A&A...650A..78B,Astronomy and Astrophysics
92,2021,2021-06-01 00:00:00+00:00,"Looking into the cradle of the grave: J22564-5910, a young post-merger hot subdwarf?","Vos, J",2021arXiv210603363V,arXiv e-prints
93,2021,2021-06-01 00:00:00+00:00,MONOS.II. Orbit review and analysis for 35 single-lined spectroscopic binary systems and candidates,"Trigueros Paez, E",2021arXiv210608865T,arXiv e-prints
94,2021,2021-06-01 00:00:00+00:00,Three K2 Campaigns Yield Rotation Periods for 1013 Stars in Praesepe,"Rampalli, R",2021arXiv210613250R,arXiv e-prints
95,2021,2021-06-01 00:00:00+00:00,TOI-269 b: an eccentric sub-Neptune transiting a M2 dwarf revisited with ExTrA,"Cointepas, M",2021A&A...650A.145C,Astronomy and Astrophysics
96,2021,2021-06-01 00:00:00+00:00,The unpopular Package: a Data-driven Approach to De-trend TESS Full Frame Image Light Curves,"Hattori, S",2021arXiv210615063H,arXiv e-prints
97,2021,2021-06-01 00:00:00+00:00,Searching for new solar twins: The Inti survey for the Northern Sky,"Yana Galarza, J",2021MNRAS.504.1873Y,Monthly Notices of the Royal Astronomical Society
98,2021,2021-06-01 00:00:00+00:00,8.9 hr Rotation in the Partly Burnt Runaway Stellar Remnant LP 40-365 (GD 492),"Hermes, J",2021ApJ...914L...3H,The Astrophysical Journal
99,2021,2021-06-01 00:00:00+00:00,Kepler K2 Measurement of the Rotational Period of the Intermediate Polar 1RXS J180431.1-273932,"Sanne, S",2021RNAAS...5..132S,Research Notes of the American Astronomical Society
100,2021,2021-06-01 00:00:00+00:00,Transit detection of the long-period volatile-rich super-Earth ν<SUP>2</SUP> Lupi d with CHEOPS,"Delrez, L",2021NatAs...5..775D,Nature Astronomy
101,2021,2021-06-01 00:00:00+00:00,Identifying Planetary Transit Candidates in TESS Full-frame Image Light Curves via Convolutional Neural Networks,"Olmschenk, G",2021AJ....161..273O,The Astronomical Journal
102,2021,2021-06-01 00:00:00+00:00,The Tarantula Massive Binary Monitoring. V. R 144: a wind-eclipsing binary with a total mass ≳140 M<SUB>⊙</SUB>,"Shenar, T",2021A&A...650A.147S,Astronomy and Astrophysics
103,2021,2021-05-01 00:00:00+00:00,Revisiting the Kepler field with TESS: Improved ephemerides using TESS 2 min data,"Battley, M",2021MNRAS.503.4092B,Monthly Notices of the Royal Astronomical Society
104,2021,2021-05-01 00:00:00+00:00,Mass and density of the transiting hot and rocky super-Earth LHS 1478 b (TOI-1640 b),"Soto, M",2021A&A...649A.144S,Astronomy and Astrophysics
105,2021,2021-05-01 00:00:00+00:00,The New Ephemeris and Light Curve Analysis of V870 Ara by the Ground-Based and TESS Data,"Poro, A",2021arXiv210511194P,arXiv e-prints
106,2021,2021-05-01 00:00:00+00:00,The Featureless HST/WFC3 Transmission Spectrum of the Rocky Exoplanet GJ 1132b: No Evidence For A Cloud-Free Primordial Atmosphere and Constraints on Starspot Contamination,"Libby-Roberts, J",2021arXiv210510487L,arXiv e-prints
107,2021,2021-05-01 00:00:00+00:00,A study of the global magnetic activity of the star Kepler-17 using light curve inversion with bipartite regularization,"Luo, T",2021RAA....21...89L,Research in Astronomy and Astrophysics
108,2021,2021-05-01 00:00:00+00:00,Temperature and Distance Dependence of Tidal Circularization in Close Binaries: A Catalog of Eclipsing Binaries in the Southern Hemisphere Observed by the TESS Satellite,"Justesen, A",2021ApJ...912..123J,The Astrophysical Journal
109,2021,2021-05-01 00:00:00+00:00,A test of the planet-star unipolar inductor for magnetic white dwarfs,"Walters, N",2021MNRAS.503.3743W,Monthly Notices of the Royal Astronomical Society
110,2021,2021-05-01 00:00:00+00:00,The First Photometric Investigation and Spectroscopic Analysis of Two Contact Binaries: ASAS J124343+1531.7 and LINEAR 2323566,"Xia, Q",2021PASP..133e4202X,Publications of the Astronomical Society of the Pacific
111,2021,2021-05-01 00:00:00+00:00,Tracking the Evolution of Lithium in Giants Using Asteroseismology: Super-Li-rich Stars Are Almost Exclusively Young Red-clump Stars,"Singh, R",2021ApJ...913L...4S,The Astrophysical Journal
112,2021,2021-05-01 00:00:00+00:00,Age and helium content of the open cluster NGC 6791 from multiple eclipsing binary members. III. Constraints from a subgiant,"Brogaard, K",2021A&A...649A.178B,Astronomy and Astrophysics
113,2021,2021-05-01 00:00:00+00:00,A one-armed CNN for exoplanet detection from light curves,"Visser, K",2021arXiv210506292V,arXiv e-prints
114,2021,2021-05-01 00:00:00+00:00,Phase curve and variability analysis of WASP-12b using TESS photometry,"Owens, N",2021MNRAS.503L..38O,Monthly Notices of the Royal Astronomical Society
115,2021,2021-05-01 00:00:00+00:00,A search for variable subdwarf B stars in TESS Full Frame Images - II. Variable objects in the northern ecliptic hemisphere,"Baran, A",2021MNRAS.503.3828B,Monthly Notices of the Royal Astronomical Society
116,2021,2021-04-01 00:00:00+00:00,Prospects for Galactic and stellar astrophysics with asteroseismology of giant stars in the TESS continuous viewing zones and beyond,"Mackereth, J",2021MNRAS.502.1947M,Monthly Notices of the Royal Astronomical Society
117,2021,2021-04-01 00:00:00+00:00,Stellar flares from blended and neighbouring stars in Kepler short cadence observations,"Jackman, J",2021MNRAS.502.2033J,Monthly Notices of the Royal Astronomical Society
118,2021,2021-04-01 00:00:00+00:00,A precise asteroseismic age and metallicity for HD 139614: a pre-main-sequence star with a protoplanetary disc in Upper Centaurus-Lupus,"Murphy, S",2021MNRAS.502.1633M,Monthly Notices of the Royal Astronomical Society
119,2021,2021-04-01 00:00:00+00:00,Discovery of an Extremely Short Duration Flare from Proxima Centauri Using Millimeter through Far-ultraviolet Observations,"MacGregor, M",2021ApJ...911L..25M,The Astrophysical Journal
120,2021,2021-04-01 00:00:00+00:00,Recovery of TESS Stellar Rotation Periods Using Deep Learning,"Claytor, Z",2021arXiv210414566C,arXiv e-prints
121,2021,2021-04-01 00:00:00+00:00,TESS Hunt for Young and Maturing Exoplanets (THYME). V. A Sub-Neptune Transiting a Young Star in a Newly Discovered 250 Myr Association,"Tofflemire, B",2021AJ....161..171T,The Astronomical Journal
122,2021,2021-04-01 00:00:00+00:00,Red noise and pulsations in evolved massive stars,"Naze, Y",2021MNRAS.502.5038N,Monthly Notices of the Royal Astronomical Society
123,2021,2021-04-01 00:00:00+00:00,Nigraha: Machine-learning-based pipeline to identify and evaluate planet candidates from TESS,"Rao, S",2021MNRAS.502.2845R,Monthly Notices of the Royal Astronomical Society
124,2021,2021-04-01 00:00:00+00:00,TIC 168789840: A Sextuply Eclipsing Sextuple Star System,"Powell, B",2021AJ....161..162P,The Astronomical Journal
125,2021,2021-04-01 00:00:00+00:00,Orbital misalignment of the super-Earth π Men c with the spin of its star,"Kunovac Hodzic, V",2021MNRAS.502.2893K,Monthly Notices of the Royal Astronomical Society
126,2021,2021-04-01 00:00:00+00:00,Evidence that short-period AM CVn systems are diverse in outburst behaviour,"Duffy, C",2021MNRAS.502.4953D,Monthly Notices of the Royal Astronomical Society
127,2021,2021-04-01 00:00:00+00:00,A photospheric and chromospheric activity analysis of the quiescent retrograde-planet host ν Octantis A,"Ramm, D",2021MNRAS.502.2793R,Monthly Notices of the Royal Astronomical Society
128,2021,2021-04-01 00:00:00+00:00,Low-frequency monitoring of flare star binary CR Draconis: long-term electron-cyclotron maser emission,"Callingham, J",2021A&A...648A..13C,Astronomy and Astrophysics
129,2021,2021-04-01 00:00:00+00:00,GRB 191016A: A Long Gamma-Ray Burst Detected by TESS,"Smith, K",2021ApJ...911...43S,The Astrophysical Journal
130,2021,2021-03-01 00:00:00+00:00,Metastable Helium Reveals an Extended Atmosphere for the Gas Giant HAT-P-18b,"Paragas, K",2021ApJ...909L..10P,The Astrophysical Journal
131,2021,2021-03-01 00:00:00+00:00,TESS Observations of Cepheid Stars: First Light Results,"Plachy, E",2021ApJS..253...11P,The Astrophysical Journal Supplement Series
132,2021,2021-03-01 00:00:00+00:00,Rediscussion of eclipsing binaries. Paper IV. The evolved G-type system AN Camelopardalis,"Southworth, J",2021arXiv210303644S,arXiv e-prints
133,2021,2021-03-01 00:00:00+00:00,"Mysterious, variable, and extremely hot: White dwarfs showing ultra-high excitation lines. I. Photometric variability","Reindl, N",2021A&A...647A.184R,Astronomy and Astrophysics
134,2021,2021-03-01 00:00:00+00:00,Orbital solutions derived from radial velocities and time delays for four Kepler systems with A/F-type (candidate) hybrid pulsators,"Lampens, P",2021A&A...647A.139L,Astronomy and Astrophysics
135,2021,2021-03-01 00:00:00+00:00,Massive heartbeat stars from TESS. I. TESS sectors 1-16,"Kolaczek-Szymanski, P",2021A&A...647A..12K,Astronomy and Astrophysics
136,2021,2021-03-01 00:00:00+00:00,New X-ray detections of known Wolf-Rayet stars,"Naze, Y",2021MNRAS.501.4214N,Monthly Notices of the Royal Astronomical Society
137,2021,2021-03-01 00:00:00+00:00,An unusually low density ultra-short period super-Earth and three mini-Neptunes around the old star TOI-561,"Lacedelli, G",2021MNRAS.501.4148L,Monthly Notices of the Royal Astronomical Society
138,2021,2021-02-01 00:00:00+00:00,The TESS-Keck Survey. II. An Ultra-short-period Rocky Planet and Its Siblings Transiting the Galactic Thick-disk Star TOI-561,"Weiss, L",2021AJ....161...56W,The Astronomical Journal
139,2021,2021-02-01 00:00:00+00:00,Multiwavelength Photometry Derived from Monochromatic Kepler Data,"Hedges, C",2021AJ....161...95H,The Astronomical Journal
140,2021,2021-02-01 00:00:00+00:00,"TESS Discovery of a Super-Earth and Three Sub-Neptunes Hosted by the Bright, Sun-like Star HD 108236","Daylan, T",2021AJ....161...85D,The Astronomical Journal
141,2021,2021-02-01 00:00:00+00:00,PBjam: A Python Package for Automating Asteroseismology of Solar-like Oscillators,"Nielsen, M",2021AJ....161...62N,The Astronomical Journal
142,2021,2021-02-01 00:00:00+00:00,Two Massive Jupiters in Eccentric Orbits from the TESS Full Frame Images,"Ikwut-Ukwa, M",2021arXiv210202222I,arXiv e-prints
143,2021,2021-02-01 00:00:00+00:00,TOI-811b and TOI-852b: New Transiting Brown Dwarfs with Similar Masses and Very Different Radii and Ages from the TESS Mission,"Carmichael, T",2021AJ....161...97C,The Astronomical Journal
144,2021,2021-02-01 00:00:00+00:00,A backward-spinning star with two coplanar planets,"Hjorth, M",2021PNAS..11820174H,Proceedings of the National Academy of Science
145,2021,2021-01-01 00:00:00+00:00,V772 Cas: an ellipsoidal HgMn star in an eclipsing binary,"Kochukhov, O",2021MNRAS.500.2577K,Monthly Notices of the Royal Astronomical Society
146,2021,2021-01-01 00:00:00+00:00,Science Extraction from TESS Observations of Known Exoplanet Hosts,"Kane, S",2021PASP..133a4402K,Publications of the Astronomical Society of the Pacific
147,2021,2021-01-01 00:00:00+00:00,SPECULOOS: Ultracool dwarf transit survey. Target list and strategy,"Sebastian, D",2021A&A...645A.100S,Astronomy and Astrophysics
148,2021,2021-01-01 00:00:00+00:00,TOI 122b and TOI 237b: Two Small Warm Planets Orbiting Inactive M Dwarfs Found by TESS,"Waalkes, W",2021AJ....161...13W,The Astronomical Journal
149,2021,2021-01-01 00:00:00+00:00,An enhanced slope in the transmission spectrum of the hot Jupiter WASP-104b,"Chen, G",2021MNRAS.500.5420C,Monthly Notices of the Royal Astronomical Society
150,2021,2021-01-01 00:00:00+00:00,"Flares in open clusters with K2. II. Pleiades, Hyades, Praesepe, Ruprecht 147, and M 67","Ilin, E",2021A&A...645A..42I,Astronomy and Astrophysics
151,2021,2021-01-01 00:00:00+00:00,Persistence of flare-driven atmospheric chemistry on rocky habitable zone worlds,"Chen, H",2021NatAs...5..298C,Nature Astronomy
152,2021,2021-01-01 00:00:00+00:00,Asteroseismology of the heartbeat star KIC 5006817,"Merc, J",2021CoSka..51...45M,Contributions of the Astronomical Observatory Skalnate Pleso
153,2021,2021-01-01 00:00:00+00:00,Vetting of 384 TESS Objects of Interest with TRICERATOPS and Statistical Validation of 12 Planet Candidates,"Giacalone, S",2021AJ....161...24G,The Astronomical Journal
154,2021,2021-01-01 00:00:00+00:00,"VizieR Online Data Catalog: K2 &amp; TESS Synergy. I. Parameters &amp; LC, 4 stars (Ikwut-Ukwa+, 2020)","Ikwut-Ukwa, M",2021yCat..51600209I,VizieR Online Data Catalog
155,2021,2021-01-01 00:00:00+00:00,Tidally perturbed pulsations in the pre-main sequence δ Scuti binary RS Cha,"Steindl, T",2021A&A...645A.119S,Astronomy and Astrophysics
156,2021,2021-01-01 00:00:00+00:00,Two Young Planetary Systems around Field Stars with Ages between 20 and 320 Myr from TESS,"Zhou, G",2021AJ....161....2Z,The Astronomical Journal
157,2021,2021-01-01 00:00:00+00:00,Similar but different: the varied landscape of Onfp/Oef stars variability,"Rauw, G",2021MNRAS.500.2096R,Monthly Notices of the Royal Astronomical Society
158,2020,2020-12-01 00:00:00+00:00,A Highly Eccentric Warm Jupiter Orbiting TIC 237913194,"Schlecker, M",2020AJ....160..275S,The Astronomical Journal
159,2020,2020-12-01 00:00:00+00:00,Properties of a Previously Unidentified Instrumental Signature in $\textit{Kepler/K2}$ that was Confused for AGN Variability,"Moreno, J",2020arXiv201214452M,arXiv e-prints
160,2020,2020-12-01 00:00:00+00:00,A Mini-Neptune and a Radius Valley Planet Orbiting the Nearby M2 Dwarf TOI-1266 in Its Venus Zone: Validation with the Habitable-zone Planet Finder,"Stefansson, G",2020AJ....160..259S,The Astronomical Journal
161,2020,2020-12-01 00:00:00+00:00,A search for variable subdwarf B stars in TESS full frame images - I. Variable objects in the southern ecliptic hemisphere,"Sahoo, S",2020MNRAS.499.5508S,Monthly Notices of the Royal Astronomical Society
162,2020,2020-12-01 00:00:00+00:00,The discovery of lambda Bootis stars - the Southern Survey II,"Murphy, S",2020MNRAS.499.2701M,Monthly Notices of the Royal Astronomical Society
163,2020,2020-12-01 00:00:00+00:00,Exploring Trans-Neptunian Space with TESS: A Targeted Shift-stacking Search for Planet Nine and Distant TNOs in the Galactic Plane,"Rice, M",2020PSJ.....1...81R,The Planetary Science Journal
164,2020,2020-12-01 00:00:00+00:00,An Asymmetric Eclipse Seen toward the Pre-main-sequence Binary System V928 Tau,"van Dam, D",2020AJ....160..285V,The Astronomical Journal
165,2020,2020-12-01 00:00:00+00:00,Periodic brightening of Kepler light curves: investigating the possibility of forward scattering due to dust clouds,"van Kooten, M",2020MNRAS.499.2817V,Monthly Notices of the Royal Astronomical Society
166,2020,2020-12-01 00:00:00+00:00,The CARMENES search for exoplanets around M dwarfs. LP 714-47 b (TOI 442.01): populating the Neptune desert,"Dreizler, S",2020A&A...644A.127D,Astronomy and Astrophysics
167,2020,2020-12-01 00:00:00+00:00,"An extreme-mass ratio, short-period eclipsing binary consisting of a B dwarf primary and a pre-main-sequence M star companion discovered by KELT","Stevens, D",2020MNRAS.499.3775S,Monthly Notices of the Royal Astronomical Society
168,2020,2020-12-01 00:00:00+00:00,Refined Ephemeris for Four Hot Jupiters using Ground-Based and TESS Observations,"Davoudi, F",2020arXiv201201486D,arXiv e-prints
169,2020,2020-12-01 00:00:00+00:00,An Unusual Transmission Spectrum for the Sub-Saturn KELT-11b Suggestive of a Subsolar Water Abundance,"Colon, K",2020AJ....160..280C,The Astronomical Journal
170,2020,2020-12-01 00:00:00+00:00,Systematics-insensitive Periodogram for Finding Periods in TESS Observations of Long-period Rotators,"Hedges, C",2020RNAAS...4..220H,Research Notes of the American Astronomical Society
171,2020,2020-12-01 00:00:00+00:00,The nature of the symbiotic candidate 2MASS J07363415+6538548 in the field of NGC 2403,"Merc, J",2020MNRAS.499.2116M,Monthly Notices of the Royal Astronomical Society
172,2020,2020-11-01 00:00:00+00:00,TESS light curves of γ Cas stars,"Naze, Y",2020MNRAS.498.3171N,Monthly Notices of the Royal Astronomical Society
173,2020,2020-11-01 00:00:00+00:00,"The K2 and TESS Synergy. I. Updated Ephemerides and Parameters for K2-114, K2-167, K2-237, and K2-261","Ikwut-Ukwa, M",2020AJ....160..209I,The Astronomical Journal
174,2020,2020-11-01 00:00:00+00:00,Exoplanet Detection using Machine Learning,"Malik, A",2020arXiv201114135M,arXiv e-prints
175,2020,2020-11-01 00:00:00+00:00,Extremely precise age and metallicity of the open cluster NGC 2506 using detached eclipsing binaries,"Knudstrup, E",2020MNRAS.499.1312K,Monthly Notices of the Royal Astronomical Society
176,2020,2020-11-01 00:00:00+00:00,Cluster Difference Imaging Photometric Survey. II. TOI 837: A Young Validated Planet in IC 2602,"Bouma, L",2020AJ....160..239B,The Astronomical Journal
177,2020,2020-11-01 00:00:00+00:00,Flare Statistics for Young Stars from a Convolutional Neural Network Analysis of TESS Data,"Feinstein, A",2020AJ....160..219F,The Astronomical Journal
178,2020,2020-11-01 00:00:00+00:00,HATS-37Ab and HATS-38b: Two Transiting Hot Neptunes in the Desert,"Jordan, A",2020AJ....160..222J,The Astronomical Journal
179,2020,2020-11-01 00:00:00+00:00,Stellar Spins in the Open Cluster NGC 2516,"Healy, B",2020ApJ...903...99H,The Astrophysical Journal
180,2020,2020-11-01 00:00:00+00:00,WASP-186 and WASP-187: two hot Jupiters discovered by SuperWASP and SOPHIE with additional observations by TESS,"Schanche, N",2020MNRAS.499..428S,Monthly Notices of the Royal Astronomical Society
181,2020,2020-11-01 00:00:00+00:00,β Cas: The first δ Scuti star with a dynamo magnetic field⋆,"Zwintz, K",2020A&A...643A.110Z,Astronomy and Astrophysics
182,2020,2020-10-01 00:00:00+00:00,Classifying Be star variability with TESS I: the southern ecliptic,"Labadie-Bartz, J",2020arXiv201013905L,arXiv e-prints
183,2020,2020-10-01 00:00:00+00:00,K2: Background Survey - the search for undiscovered transients in Kepler/K2 data,"Ridden-Harper, R",2020MNRAS.498...33R,Monthly Notices of the Royal Astronomical Society
184,2020,2020-10-01 00:00:00+00:00,The effect of tides on near-core rotation: analysis of 35 Kepler γ Doradus stars in eclipsing and spectroscopic binaries,"Li, G",2020MNRAS.497.4363L,Monthly Notices of the Royal Astronomical Society
185,2020,2020-10-01 00:00:00+00:00,Discovery of a Gamma-Ray Black Widow Pulsar by GPU-accelerated Einstein@Home,"Nieder, L",2020ApJ...902L..46N,The Astrophysical Journal
186,2020,2020-10-01 00:00:00+00:00,"A KELT-TESS Eclipsing Binary in a Young Triple System Associated with the Local ""Stellar String"" Theia 301","Cunningham, J",2020AJ....160..187C,The Astronomical Journal
187,2020,2020-10-01 00:00:00+00:00,Clumpiness: time-domain classification of red giant evolutionary states,"Kuszlewicz, J",2020MNRAS.497.4843K,Monthly Notices of the Royal Astronomical Society
188,2020,2020-10-01 00:00:00+00:00,Abell 30 - A binary central star among the born-again planetary nebulae,"Jacoby, G",2020MNRAS.498L.114J,Monthly Notices of the Royal Astronomical Society
189,2020,2020-10-01 00:00:00+00:00,"Discovery of a hot, transiting, Earth-sized planet and a second temperate, non-transiting planet around the M4 dwarf GJ 3473 (TOI-488)","Kemmer, J",2020A&A...642A.236K,Astronomy and Astrophysics
190,2020,2020-10-01 00:00:00+00:00,An extremely hot white dwarf with a rapidly rotating K-type subgiant companion: UCAC2 46706450,"Werner, K",2020A&A...642A.228W,Astronomy and Astrophysics
191,2020,2020-10-01 00:00:00+00:00,"A super-Earth and a sub-Neptune orbiting the bright, quiet M3 dwarf TOI-1266","Demory, B",2020A&A...642A..49D,Astronomy and Astrophysics
192,2020,2020-09-01 00:00:00+00:00,Multiple Explanations for the Single Transit of KIC 5951458 Based on Radial Velocity Measurements Extracted with a Novel Matched-template Technique,"Dalba, P",2020AJ....160..149D,The Astronomical Journal
193,2020,2020-09-01 00:00:00+00:00,A Warm Jupiter Transiting an M Dwarf: A TESS Single-transit Event Confirmed with the Habitable-zone Planet Finder,"Canas, C",2020AJ....160..147C,The Astronomical Journal
194,2020,2020-09-01 00:00:00+00:00,KELT-25 b and KELT-26 b: A Hot Jupiter and a Substellar Companion Transiting Young A Stars Observed by TESS,"Rodriguez Martinez, R",2020AJ....160..111R,The Astronomical Journal
195,2020,2020-09-01 00:00:00+00:00,The First Habitable-zone Earth-sized Planet from TESS. I. Validation of the TOI-700 System,"Gilbert, E",2020AJ....160..116G,The Astronomical Journal
196,2020,2020-09-01 00:00:00+00:00,"GJ 273: on the formation, dynamical evolution, and habitability of a planetary system hosted by an M dwarf at 3.75 parsec","Pozuelos, F",2020A&A...641A..23P,Astronomy and Astrophysics
197,2020,2020-09-01 00:00:00+00:00,HD 191939: Three Sub-Neptunes Transiting a Sun-like Star Only 54 pc Away,"Badenas-Agusti, M",2020AJ....160..113B,The Astronomical Journal
198,2020,2020-09-01 00:00:00+00:00,"Search for Planets in Hot Jupiter Systems with Multi-Sector TESS Photometry. I. No Companions in Planetary Systems KELT-18, KELT-23, KELT-24, Qatar-8, WASP-62, WASP-100, WASP-119, and WASP-126","Maciejewski, G",2020AcA....70..181M,Acta Astronomica
199,2020,2020-09-01 00:00:00+00:00,"A KELT-TESS Eclipsing Binary in a Young Triple System Associated with a ""Stellar String"" Theia 301","Clark Cunningham, J",2020arXiv200903872C,arXiv e-prints
200,2020,2020-09-01 00:00:00+00:00,"Searching for eclipsing binaries in the area of RA: 02<SUP>h</SUP>21<SUP>m</SUP>36<SUP>s</SUP>, Dec: +57<SUP>○</SUP>11'32″","Guo, D",2020MNRAS.497.3381G,Monthly Notices of the Royal Astronomical Society
201,2020,2020-09-01 00:00:00+00:00,A Newtonian Model for the WASP-148 Exoplanetary System Enhanced with TESS and Ground-based Photometric Observations,"Maciejewski, G",2020AcA....70..203M,Acta Astronomica
202,2020,2020-08-01 00:00:00+00:00,Optical Variability of the Dwarf AGN NGC 4395 from the Transiting Exoplanet Survey Satellite,"Burke, C",2020ApJ...899..136B,The Astrophysical Journal
203,2020,2020-08-01 00:00:00+00:00,"PTFO 8-8695: Two Stars, Two Signals, No Planet","Bouma, L",2020AJ....160...86B,The Astronomical Journal
204,2020,2020-08-01 00:00:00+00:00,TESS Reveals a Short-period Sub-Neptune Sibling (HD 86226c) to a Known Long-period Giant Planet,"Teske, J",2020AJ....160...96T,The Astronomical Journal
205,2020,2020-08-01 00:00:00+00:00,TOI-1728b: The Habitable-zone Planet Finder Confirms a Warm Super-Neptune Orbiting an M-dwarf Host,"Kanodia, S",2020ApJ...899...29K,The Astrophysical Journal
206,2020,2020-08-01 00:00:00+00:00,A search for young exoplanets in Sectors 1-5 of the TESS full-frame images,"Battley, M",2020MNRAS.496.1197B,Monthly Notices of the Royal Astronomical Society
207,2020,2020-07-01 00:00:00+00:00,The one that got away: a unique eclipse in the young brown dwarf Roque 12,"Scholz, A",2020OJAp....3E...8S,The Open Journal of Astrophysics
208,2020,2020-07-01 00:00:00+00:00,The correlation between photometric variability and radial velocity jitter. Based on TESS and HARPS observations,"Hojjatpanah, S",2020A&A...639A..35H,Astronomy and Astrophysics
209,2020,2020-07-01 00:00:00+00:00,10 Years of Stellar Activity for GJ 1243,"Davenport, J",2020AJ....160...36D,The Astronomical Journal
210,2020,2020-07-01 00:00:00+00:00,A new study of the spectroscopic binary 7 Vul with a Be star primary,"Harmanec, P",2020A&A...639A..32H,Astronomy and Astrophysics
211,2020,2020-07-01 00:00:00+00:00,Precise mass and radius of a transiting super-Earth planet orbiting the M dwarf TOI-1235: a planet in the radius gap?,"Bluhm, P",2020A&A...639A.132B,Astronomy and Astrophysics
212,2020,2020-07-01 00:00:00+00:00,Optical Detection of the 1.1 day Variability at the White Dwarf GD 394 with TESS,"Wilson, D",2020ApJ...897L..31W,The Astrophysical Journal
213,2020,2020-07-01 00:00:00+00:00,Two Intermediate-mass Transiting Brown Dwarfs from the TESS Mission,"Carmichael, T",2020AJ....160...53C,The Astronomical Journal
214,2020,2020-07-01 00:00:00+00:00,Persistent Starspot Signals on M Dwarfs: Multiwavelength Doppler Observations with the Habitable-zone Planet Finder and Keck/HIRES,"Robertson, P",2020ApJ...897..125R,The Astrophysical Journal
215,2020,2020-06-01 00:00:00+00:00,Periodicity Search for Pulsar Binaries with TESS,"Pal, P",2020ApJ...895L..36P,The Astrophysical Journal
216,2020,2020-06-01 00:00:00+00:00,TESS first look at evolved compact pulsators. Known ZZ Ceti stars of the southern ecliptic hemisphere as seen by TESS,"Bognar, Z",2020A&A...638A..82B,Astronomy and Astrophysics
217,2020,2020-06-01 00:00:00+00:00,Transit least-squares survey. III. A 1.9 R<SUB>⊕</SUB> transit candidate in the habitable zone of Kepler-160 and a nontransiting planet characterized by transit-timing variations,"Heller, R",2020A&A...638A..10H,Astronomy and Astrophysics
218,2020,2020-06-01 00:00:00+00:00,TESS photometry of extreme helium stars PV Tel and V821 Cen,"Jeffery, C",2020MNRAS.495L.135J,Monthly Notices of the Royal Astronomical Society
219,2020,2020-06-01 00:00:00+00:00,Bayesian Methods for Joint Exoplanet Transit Detection and Systematic Noise Characterization,"Taaki, J",2020AJ....159..283T,The Astronomical Journal
220,2020,2020-06-01 00:00:00+00:00,The pulsation properties of λ bootis stars I. the southern TESS sample,"Murphy, S",2020MNRAS.495.1888M,Monthly Notices of the Royal Astronomical Society
221,2020,2020-06-01 00:00:00+00:00,A Mini-Neptune and a Venus-Zone Planet in the Radius Valley Orbiting the Nearby M2-dwarf TOI-1266: Validation with the Habitable-zone Planet Finder,"Stefansson, G",2020arXiv200611180S,arXiv e-prints
222,2020,2020-06-01 00:00:00+00:00,K2 Ultracool Dwarfs Survey - VI. White light superflares observed on an L5 dwarf and flare rates of L dwarfs,"Paudel, R",2020MNRAS.494.5751P,Monthly Notices of the Royal Astronomical Society
223,2020,2020-06-01 00:00:00+00:00,"Detection of Na, K, and H<SUB>2</SUB>O in the hazy atmosphere of WASP-6b","Carter, A",2020MNRAS.494.5449C,Monthly Notices of the Royal Astronomical Society
224,2020,2020-06-01 00:00:00+00:00,TOI-1338: TESS' First Transiting Circumbinary Planet,"Kostov, V",2020AJ....159..253K,The Astronomical Journal
225,2020,2020-06-01 00:00:00+00:00,The closest extremely low-mass white dwarf to the Sun,"Kawka, A",2020MNRAS.495L.129K,Monthly Notices of the Royal Astronomical Society
226,2020,2020-06-01 00:00:00+00:00,The ancient main-sequence solar proxy HIP 102152 unveils the activity and rotational fate of our Sun,"Lorenzo-Oliveira, D",2020MNRAS.495L..61L,Monthly Notices of the Royal Astronomical Society
227,2020,2020-05-01 00:00:00+00:00,A Possible Transit of a Disintegrating Exoplanet in the Nearby Multiplanet System DMPP-1,"Jones, M",2020ApJ...895L..17J,The Astrophysical Journal
228,2020,2020-05-01 00:00:00+00:00,Optical phase curve of the ultra-hot Jupiter WASP-121b,"Bourrier, V",2020A&A...637A..36B,Astronomy and Astrophysics
229,2020,2020-05-01 00:00:00+00:00,Forward Modeling the Orbits of Companions to Pulsating Stars from Their Light Travel Time Variations,"Hey, D",2020AJ....159..202H,The Astronomical Journal
230,2020,2020-05-01 00:00:00+00:00,The TESS-Keck Survey. I. A Warm Sub-Saturn-mass Planet and a Caution about Stray Light in TESS Cameras,"Dalba, P",2020AJ....159..241D,The Astronomical Journal
231,2020,2020-05-01 00:00:00+00:00,Rotation-activity relations and flares of M dwarfs with K2 long- and short-cadence data,"Raetz, S",2020A&A...637A..22R,Astronomy and Astrophysics
232,2020,2020-04-01 00:00:00+00:00,Variable Accretion onto Protoplanet Host Star PDS 70,"Thanathibodee, T",2020ApJ...892...81T,The Astrophysical Journal
233,2020,2020-04-01 00:00:00+00:00,Obliquity Constraints on an Extrasolar Planetary-mass Companion,"Bryan, M",2020AJ....159..181B,The Astronomical Journal
234,2020,2020-04-01 00:00:00+00:00,Short-cadence K2 observations of an accretion-state transition in the polar Tau 4,"Littlefield, C",2020arXiv200408923L,arXiv e-prints
235,2020,2020-04-01 00:00:00+00:00,"HATS-47b, HATS-48Ab, HATS-49b, and HATS-72b: Four Warm Giant Planets Transiting K Dwarfs","Hartman, J",2020AJ....159..173H,The Astronomical Journal
236,2020,2020-04-01 00:00:00+00:00,A Relationship between Stellar Age and Spot Coverage,"Morris, B",2020ApJ...893...67M,The Astrophysical Journal
237,2020,2020-04-01 00:00:00+00:00,LHS 1815b: The First Thick-disk Planet Detected by TESS,"Gan, T",2020AJ....159..160G,The Astronomical Journal
238,2020,2020-03-01 00:00:00+00:00,Eclipsing binaries hiding in the background: the Kepler Pixel Project,"Forro, A",2020CoSka..50..405F,Contributions of the Astronomical Observatory Skalnate Pleso
239,2020,2020-03-01 00:00:00+00:00,Constraining Orbital Periods from Nonconsecutive Observations: Period Estimates for Long-period Planets in Six Systems Observed by K2 During Multiple Campaigns,"Dholakia, S",2020AJ....159...93D,The Astronomical Journal
240,2020,2020-03-01 00:00:00+00:00,Decoding the radial velocity variations of HD 41248 with ESPRESSO,"Faria, J",2020A&A...635A..13F,Astronomy and Astrophysics
241,2020,2020-03-01 00:00:00+00:00,X-Ray Observations of the Peculiar Cepheid V473 Lyr Identify A Low-mass Companion,"Evans, N",2020AJ....159..121E,The Astronomical Journal
242,2020,2020-03-01 00:00:00+00:00,A high-precision abundance analysis of the nuclear benchmark star HD 20,"Hanke, M",2020A&A...635A.104H,Astronomy and Astrophysics
243,2020,2020-02-01 00:00:00+00:00,Are inner disc misalignments common? ALMA reveals an isotropic outer disc inclination distribution for young dipper stars,"Ansdell, M",2020MNRAS.492..572A,Monthly Notices of the Royal Astronomical Society
244,2020,2020-02-01 00:00:00+00:00,Stellar Flares from the First TESS Data Release: Exploring a New Sample of M Dwarfs,"Gunther, M",2020AJ....159...60G,The Astronomical Journal
245,2020,2020-01-01 00:00:00+00:00,NGTS and WASP photometric recovery of a single-transit candidate from TESS,"Gill, S",2020MNRAS.491.1548G,Monthly Notices of the Royal Astronomical Society
246,2020,2020-01-01 00:00:00+00:00,The prototype star γ Doradus observed by TESS,"Christophe, S",2020svos.conf..101C,Stars and their Variability Observed from Space
247,2020,2020-01-01 00:00:00+00:00,The highly inflated giant planet WASP-174b,"Mancini, L",2020A&A...633A..30M,Astronomy and Astrophysics
248,2019,2019-12-01 00:00:00+00:00,Discovery of a new WZ Sagittae-type cataclysmic variable in the Kepler/K2 data,"Ridden-Harper, R",2019MNRAS.490.5551R,Monthly Notices of the Royal Astronomical Society
249,2019,2019-12-01 00:00:00+00:00,TESS first look at evolved compact pulsators. Asteroseismology of the pulsating helium-atmosphere white dwarf TIC 257459955,"Bell, K",2019A&A...632A..42B,Astronomy and Astrophysics
250,2019,2019-12-01 00:00:00+00:00,Asteroseismology of the Multiplanet System K2-93,"Lund, M",2019AJ....158..248L,The Astronomical Journal
251,2019,2019-11-01 00:00:00+00:00,Long rotation period main-sequence stars from Kepler SAP light curves,"Cui, K",2019MNRAS.489.5513C,Monthly Notices of the Royal Astronomical Society
252,2019,2019-11-01 00:00:00+00:00,Four Newborn Planets Transiting the Young Solar Analog V1298 Tau,"David, T",2019ApJ...885L..12D,The Astrophysical Journal
253,2019,2019-11-01 00:00:00+00:00,The K2 Bright Star Survey. I. Methodology and Data Release,"Pope, B",2019ApJS..245....8P,The Astrophysical Journal Supplement Series
254,2019,2019-11-01 00:00:00+00:00,"Radial velocity confirmation of K2-100b: a young, highly irradiated, and low-density transiting hot Neptune","Barragan, O",2019MNRAS.490..698B,Monthly Notices of the Royal Astronomical Society
255,2019,2019-11-01 00:00:00+00:00,"Multi-wavelength variability of the young solar analog ι Horologii. X-ray cycle, star spots, flares, and UV emission","Sanz-Forcada, J",2019A&A...631A..45S,Astronomy and Astrophysics
256,2019,2019-11-01 00:00:00+00:00,A Substellar Companion to a Hot Star in K2's Campaign 0 Field,"Dholakia, S",2019PASP..131k4402D,Publications of the Astronomical Society of the Pacific
257,2019,2019-10-01 00:00:00+00:00,Extended Aperture Photometry of K2 RR Lyrae stars,"Plachy, E",2019ApJS..244...32P,The Astrophysical Journal Supplement Series
258,2019,2019-10-01 00:00:00+00:00,"An 11 Earth-mass, Long-period Sub-Neptune Orbiting a Sun-like Star","Mayo, A",2019AJ....158..165M,The Astronomical Journal
259,2019,2019-10-01 00:00:00+00:00,Wōtan: Comprehensive Time-series Detrending in Python,"Hippke, M",2019AJ....158..143H,The Astronomical Journal
260,2019,2019-10-01 00:00:00+00:00,Two New HATNet Hot Jupiters around A Stars and the First Glimpse at the Occurrence Rate of Hot Jupiters from TESS,"Zhou, G",2019AJ....158..141Z,The Astronomical Journal
261,2019,2019-09-01 00:00:00+00:00,Six new rapidly oscillating Ap stars in the Kepler long-cadence data using super-Nyquist asteroseismology,"Hey, D",2019MNRAS.488...18H,Monthly Notices of the Royal Astronomical Society
262,2019,2019-09-01 00:00:00+00:00,"K2-146: Discovery of Planet c, Precise Masses from Transit Timing, and Observed Precession","Hamann, A",2019AJ....158..133H,The Astronomical Journal
263,2019,2019-09-01 00:00:00+00:00,eleanor: An Open-source Tool for Extracting Light Curves from the TESS Full-frame Images,"Feinstein, A",2019PASP..131i4502F,Publications of the Astronomical Society of the Pacific
264,2019,2019-08-01 00:00:00+00:00,Validation of a temperate fourth planet in the K2-133 multiplanet system,"Wells, R",2019MNRAS.487.1865W,Monthly Notices of the Royal Astronomical Society
265,2019,2019-08-01 00:00:00+00:00,A Warm Jupiter-sized Planet Transiting the Pre-main-sequence Star V1298 Tau,"David, T",2019AJ....158...79D,The Astronomical Journal
266,2019,2019-08-01 00:00:00+00:00,Stingray: A Modern Python Library for Spectral Timing,"Huppenkothen, D",2019ApJ...881...39H,The Astrophysical Journal
267,2019,2019-08-01 00:00:00+00:00,Fast-cadence TESS Photometry and Doppler Tomography of the Asynchronous Polar CD Ind: A Revised Accretion Geometry from Newly Proposed Spin and Orbital Periods,"Littlefield, C",2019ApJ...881..141L,The Astrophysical Journal
268,2019,2019-07-01 00:00:00+00:00,"The L 98-59 System: Three Transiting, Terrestrial-size Planets Orbiting a Nearby M Dwarf","Kostov, V",2019AJ....158...32K,The Astronomical Journal
269,2019,2019-07-01 00:00:00+00:00,Four Small Planets Buried in K2 Systems: What Can We Learn for TESS?,"Hedges, C",2019ApJ...880L...5H,The Astrophysical Journal
270,2019,2019-07-01 00:00:00+00:00,The Intriguing Polar EU Cancri in the Eyes of Kepler K2,"Hill, K",2019RNAAS...3..103H,Research Notes of the American Astronomical Society
271,2019,2019-06-01 00:00:00+00:00,A search for red giant solar-like oscillations in all Kepler data,"Hon, M",2019MNRAS.485.5616H,Monthly Notices of the Royal Astronomical Society
272,2019,2019-06-01 00:00:00+00:00,Transiting Planets Near the Snow Line from Kepler. I. Catalog,"Kawahara, H",2019AJ....157..218K,The Astronomical Journal
273,2019,2019-06-01 00:00:00+00:00,Survey of Li-rich Giants among Kepler and LAMOST Fields: Determination of Li-rich Giants’ Evolutionary Phase,"Singh, R",2019ApJ...878L..21S,The Astrophysical Journal
274,2019,2019-06-01 00:00:00+00:00,Variability in the Atmosphere of the Hot Jupiter Kepler-76b,"Jackson, B",2019AJ....157..239J,The Astronomical Journal
275,2019,2019-06-01 00:00:00+00:00,A Hot Subdwarf B Star Eclipsed by a Low-mass White Dwarf in TESS Data,"Bell, K",2019RNAAS...3...81B,Research Notes of the American Astronomical Society
276,2019,2019-06-01 00:00:00+00:00,K2 Ultracool Dwarfs Survey - V. High superflare rates on rapidly rotating late-M dwarfs,"Paudel, R",2019MNRAS.486.1438P,Monthly Notices of the Royal Astronomical Society
277,2019,2019-06-01 00:00:00+00:00,stingray: A modern Python library for spectral timing,"Huppenkothen, D",2019JOSS....4.1393H,The Journal of Open Source Software
278,2019,2019-06-01 00:00:00+00:00,Finding the Needle in a Haystack: Detrending Photometric Timeseries Data of Strictly Periodic Astrophysical Objects,"Prsa, A",2019PASP..131f8001P,Publications of the Astronomical Society of the Pacific
279,2019,2019-05-01 00:00:00+00:00,Transiting exocomets detected in broadband light by TESS in the β Pictoris system,"Zieba, S",2019A&A...625L..13Z,Astronomy and Astrophysics
280,2019,2019-03-01 00:00:00+00:00,Discovery and Vetting of Exoplanets. I. Benchmarking K2 Vetting Tools,"Kostov, V",2019AJ....157..124K,The Astronomical Journal
281,2019,2019-02-01 00:00:00+00:00,"Flares in open clusters with K2 . I. M 45 (Pleiades), M 44 (Praesepe), and M 67","Ilin, E",2019A&A...622A.133I,Astronomy and Astrophysics
282,2019,2019-01-01 00:00:00+00:00,A Transiting Hot Jupiter Candidate toward the Galactic Center Identified in the Kepler/K2 Campaign 9 Microlensing Survey,"Hedges, C",2019RNAAS...3...18H,Research Notes of the American Astronomical Society
283,2018,2018-12-01 00:00:00+00:00,Lightkurve: Kepler and TESS time series analysis in Python,Lightkurve Collaboration,2018ascl.soft12013L,Astrophysics Source Code Library
284,2018,2018-10-01 00:00:00+00:00,Kepler's Discoveries Will Continue: 21 Important Scientific Opportunities with Kepler &amp; K2 Archive Data,"Barentsen, G",2018arXiv181012554B,arXiv e-prints
285,2018,2018-10-01 00:00:00+00:00,No Optimal SFF Motion Detrending Parameters for Red Giant Asteroseismology in K2,"Zhang, J",2018RNAAS...2..182Z,Research Notes of the American Astronomical Society
286,2018,2018-07-01 00:00:00+00:00,An Open Source Injection and Recovery Tool and Measuring Transit Detection Efficiency in Ultracool Dwarfs Observed by K2,"Sagear, S",2018csss.confE..92S,"20th Cambridge Workshop on Cool Stars, Stellar Systems and the Sun"
